{
  "baseline_alias": "results/baseline_3m",
  "combo": {
    "annualized_sharpe": 9.247607173785257,
    "losses": 35970,
    "max_drawdown": -90.60000000000304,
    "pnl": 4721.600000000002,
    "samples": 602527,
    "tie_trades": 1532,
    "trades": 88558,
    "win_rate_ex_ties": 0.586675246478064,
    "wins": 51056
  },
  "current_baseline": true,
  "period": "3m",
  "source": "local walk-forward v1_sessions_price_position_phase promoted from feature_phase results",
  "symbols": {
    "BTC": {
      "annualized_sharpe": 8.839256784238525,
      "losses": 18893,
      "max_drawdown": -84.1000000000015,
      "pnl": 3136.400000000001,
      "tie_trades": 1210,
      "trades": 47791,
      "win_rate_ex_ties": 0.5944054442798566,
      "wins": 27688
    },
    "ETH": {
      "annualized_sharpe": 4.776103712018911,
      "losses": 17077,
      "max_drawdown": -107.7000000000429,
      "pnl": 1585.200000000001,
      "tie_trades": 322,
      "trades": 40767,
      "win_rate_ex_ties": 0.5777722833477562,
      "wins": 23368
    }
  }
}
