{
  "baseline_alias": "results/baseline_3m",
  "current_baseline": true,
  "period": "3m",
  "source": "merged peer external BTC/ETH walk-forward results",
  "feature_set": "v1_sessions_price_position_phase_peer_external",
  "symbols": {
    "BTC": {
      "trades": 47824,
      "tie_trades": 1140,
      "wins": 27767,
      "losses": 18917,
      "win_rate_ex_ties": 0.5947862222603033,
      "pnl": 3182.6000000000013,
      "annualized_sharpe": 8.95855257700082,
      "max_drawdown": -47.800000000000374
    },
    "ETH": {
      "trades": 43546,
      "tie_trades": 279,
      "wins": 25035,
      "losses": 18232,
      "win_rate_ex_ties": 0.5786164975616521,
      "pnl": 1768.100000000001,
      "annualized_sharpe": 5.150494700216253,
      "max_drawdown": -56.20000000000982
    }
  },
  "combo": {
    "samples": 602786,
    "trades": 81867,
    "pnl": 4950.700000000003,
    "annualized_sharpe": 9.495363585005192,
    "max_drawdown": -59.39999999996235
  }
}
