{
  "BTCUSDT": {
    "source": "results/v1_5m_full_decay/optuna_best_params.json",
    "live_optuna_search": false,
    "source_trials": 40,
    "best_value": 14.35205785730635,
    "best_params": {
      "n_estimators": 2000,
      "learning_rate": 0.01982771216208506,
      "num_leaves": 40,
      "min_child_samples": 60,
      "subsample": 0.8646606133217127,
      "subsample_freq": 1,
      "colsample_bytree": 0.6020224878138668,
      "reg_alpha": 5.2568658843619244e-05,
      "reg_lambda": 3.771908557200682e-07,
      "objective": "binary",
      "random_state": 42,
      "verbosity": -1
    },
    "best_user_attrs": {
      "best_iteration": 139,
      "validation_auc": 0.5565956142125397,
      "validation_thresholds": {
        "mode": "double",
        "threshold": 0.5,
        "short_threshold": 0.44,
        "long_threshold": 0.56,
        "sharpe": 14.35205785730635,
        "pnl": 252.90000000000006,
        "trades": 2430,
        "trade_fraction": 0.14063313849181086,
        "win_rate": 0.6134211609715933,
        "tie_trades": 1,
        "tie_trade_fraction": 5.787371954395509e-05,
        "min_trades": 864
      },
      "validation_sharpe": 14.35205785730635,
      "validation_pnl": 252.90000000000006
    },
    "trials": 0
  },
  "ETHUSDT": {
    "source": "results/v1_5m_full_decay/optuna_best_params.json",
    "live_optuna_search": false,
    "source_trials": 40,
    "best_value": 11.848920559126384,
    "best_params": {
      "n_estimators": 2000,
      "learning_rate": 0.01316682897134904,
      "num_leaves": 24,
      "min_child_samples": 220,
      "subsample": 0.6581272288380232,
      "subsample_freq": 1,
      "colsample_bytree": 0.7831761275186675,
      "reg_alpha": 8.474411829405474,
      "reg_lambda": 0.0014857830805499273,
      "objective": "binary",
      "random_state": 42,
      "verbosity": -1
    },
    "best_user_attrs": {
      "best_iteration": 568,
      "validation_auc": 0.5622305433742301,
      "validation_thresholds": {
        "mode": "double",
        "threshold": 0.51,
        "short_threshold": 0.44,
        "long_threshold": 0.58,
        "sharpe": 11.848920559126384,
        "pnl": 228.10000000000008,
        "trades": 2894,
        "trade_fraction": 0.16748654436020602,
        "win_rate": 0.5998610628690517,
        "tie_trades": 15,
        "tie_trade_fraction": 0.0008681057931593264,
        "min_trades": 864
      },
      "validation_sharpe": 11.848920559126384,
      "validation_pnl": 228.10000000000008
    },
    "trials": 0
  }
}
