{
  "BTCUSDT": {
    "best_value": 12.122116422414143,
    "best_params": {
      "n_estimators": 2000,
      "learning_rate": 0.018228251054233664,
      "num_leaves": 48,
      "min_child_samples": 200,
      "subsample": 0.558233797718321,
      "subsample_freq": 1,
      "colsample_bytree": 0.9379639408647977,
      "reg_alpha": 0.6715811311069951,
      "reg_lambda": 3.06459984124115e-05,
      "objective": "binary",
      "random_state": 42,
      "verbosity": -1
    },
    "best_user_attrs": {
      "best_iteration": 407,
      "validation_auc": 0.5461608902874959,
      "validation_thresholds": {
        "mode": "double",
        "threshold": 0.495,
        "short_threshold": 0.41000000000000003,
        "long_threshold": 0.58,
        "sharpe": 12.122116422414143,
        "pnl": 128.3,
        "trades": 886,
        "trade_fraction": 0.05127018112377756,
        "win_rate": 0.6361581920903955,
        "tie_trades": 1,
        "tie_trade_fraction": 5.786702158439905e-05,
        "min_trades": 865
      }
    },
    "trials": 40
  },
  "ETHUSDT": {
    "best_value": 10.244172802725544,
    "best_params": {
      "n_estimators": 2000,
      "learning_rate": 0.01488933285866669,
      "num_leaves": 48,
      "min_child_samples": 180,
      "subsample": 0.788817870015776,
      "subsample_freq": 1,
      "colsample_bytree": 0.6878866950047624,
      "reg_alpha": 0.022551023122747947,
      "reg_lambda": 0.03972187600412677,
      "objective": "binary",
      "random_state": 42,
      "verbosity": -1
    },
    "best_user_attrs": {
      "best_iteration": 490,
      "validation_auc": 0.551544583886139,
      "validation_thresholds": {
        "mode": "double",
        "threshold": 0.48500000000000004,
        "short_threshold": 0.4,
        "long_threshold": 0.5700000000000001,
        "sharpe": 10.244172802725544,
        "pnl": 113.40000000000003,
        "trades": 963,
        "trade_fraction": 0.055725941785776285,
        "win_rate": 0.6212278876170656,
        "tie_trades": 2,
        "tie_trade_fraction": 0.0001157340431687981,
        "min_trades": 865
      }
    },
    "trials": 40
  }
}
