{
  "baseline_alias": "results/baseline_30m",
  "current_baseline": true,
  "period": "30m",
  "source": "merged peer external BTC/ETH walk-forward results",
  "feature_set": "v1_sessions_price_position_phase_peer_external",
  "symbols": {
    "BTC": {
      "trades": 6990,
      "tie_trades": 4,
      "wins": 4061,
      "losses": 2925,
      "win_rate_ex_ties": 0.5813054680790152,
      "pnl": 323.4000000000001,
      "annualized_sharpe": 2.3462240918504587,
      "max_drawdown": -49.199999999996805
    },
    "ETH": {
      "trades": 7433,
      "tie_trades": 5,
      "wins": 4288,
      "losses": 3140,
      "win_rate_ex_ties": 0.5772751750134626,
      "pnl": 289.9000000000001,
      "annualized_sharpe": 2.037703182946601,
      "max_drawdown": -52.59999999999155
    }
  },
  "combo": {
    "samples": 60276,
    "trades": 12040,
    "pnl": 613.3000000000001,
    "annualized_sharpe": 2.8162551832552793,
    "max_drawdown": -83.80000000004361
  }
}
