{
  "BTCUSDT": {
    "source": "/home/vcp1919/Crypto_UP_or_DOWN/config/lgbm_15m_walk_forward_optuna_params.json",
    "live_optuna_search": false,
    "source_trials": 40,
    "best_value": 14.857813466247752,
    "best_params": {
      "n_estimators": 2000,
      "learning_rate": 0.015077681153939766,
      "num_leaves": 16,
      "min_child_samples": 160,
      "subsample": 0.6182096494749166,
      "subsample_freq": 1,
      "colsample_bytree": 0.5760206371941119,
      "reg_alpha": 4.387314432435407,
      "reg_lambda": 5.746775499181867,
      "objective": "binary",
      "random_state": 42,
      "verbosity": -1
    },
    "best_user_attrs": {
      "best_iteration": 243,
      "validation_auc": 0.5821151411705452,
      "validation_thresholds": {
        "mode": "double",
        "threshold": 0.495,
        "short_threshold": 0.42,
        "long_threshold": 0.5700000000000001,
        "sharpe": 14.857813466247752,
        "pnl": 198.20000000000005,
        "trades": 1411,
        "trade_fraction": 0.24496527777777777,
        "win_rate": 0.6335931963146705,
        "tie_trades": 0,
        "tie_trade_fraction": 0.0,
        "min_trades": 288
      },
      "validation_sharpe": 14.857813466247752,
      "validation_pnl": 198.20000000000005
    },
    "trials": 0
  },
  "ETHUSDT": {
    "source": "/home/vcp1919/Crypto_UP_or_DOWN/config/lgbm_15m_walk_forward_optuna_params.json",
    "live_optuna_search": false,
    "source_trials": 40,
    "best_value": 12.286056514112243,
    "best_params": {
      "n_estimators": 2000,
      "learning_rate": 0.01573678081395535,
      "num_leaves": 40,
      "min_child_samples": 240,
      "subsample": 0.6706283318462443,
      "subsample_freq": 1,
      "colsample_bytree": 0.7830043528976134,
      "reg_alpha": 0.026429976023795574,
      "reg_lambda": 0.0006016093127947849,
      "objective": "binary",
      "random_state": 42,
      "verbosity": -1
    },
    "best_user_attrs": {
      "best_iteration": 168,
      "validation_auc": 0.5793582219271393,
      "validation_thresholds": {
        "mode": "double",
        "threshold": 0.52,
        "short_threshold": 0.46,
        "long_threshold": 0.58,
        "sharpe": 12.286056514112243,
        "pnl": 211.10000000000002,
        "trades": 2308,
        "trade_fraction": 0.40069444444444446,
        "win_rate": 0.6064152579107065,
        "tie_trades": 1,
        "tie_trade_fraction": 0.00017361111111111112,
        "min_trades": 288
      },
      "validation_sharpe": 12.286056514112243,
      "validation_pnl": 211.10000000000002
    },
    "trials": 0
  }
}
