{
  "baseline_alias": "results/baseline_10m",
  "current_baseline": true,
  "period": "10m",
  "source": "merged peer external BTC/ETH walk-forward results",
  "feature_set": "v1_sessions_price_position_phase_peer_external",
  "symbols": {
    "BTC": {
      "trades": 16497,
      "tie_trades": 12,
      "wins": 9507,
      "losses": 6978,
      "win_rate_ex_ties": 0.5767060964513194,
      "pnl": 626.4000000000003,
      "annualized_sharpe": 2.955013308378459,
      "max_drawdown": -44.29999999999748
    },
    "ETH": {
      "trades": 18510,
      "tie_trades": 28,
      "wins": 10603,
      "losses": 7879,
      "win_rate_ex_ties": 0.5736933232334163,
      "pnl": 600.6000000000004,
      "annualized_sharpe": 2.673974763642079,
      "max_drawdown": -145.69999999997992
    }
  },
  "combo": {
    "samples": 180834,
    "trades": 29216,
    "pnl": 1227.0000000000007,
    "annualized_sharpe": 3.607272591487992,
    "max_drawdown": -123.50000000003934
  }
}
