{
  "feature_set": "v1_sessions_price_position_phase_peer_external",
  "baseline_dirs": {
    "3m": "results/baseline_3m",
    "5m": "results/baseline_5m",
    "10m": "results/baseline_10m",
    "15m": "results/baseline_15m",
    "30m": "results/baseline_30m"
  },
  "metrics": {
    "3m": {
      "samples": 602786,
      "trades": 81867,
      "pnl": 4950.700000000003,
      "annualized_sharpe": 9.495363585005192,
      "max_drawdown": -59.39999999996235
    },
    "5m": {
      "samples": 361669,
      "trades": 57523,
      "pnl": 2651.500000000001,
      "annualized_sharpe": 5.661514429107962,
      "max_drawdown": -84.30000000007112
    },
    "10m": {
      "samples": 180834,
      "trades": 29216,
      "pnl": 1227.0000000000007,
      "annualized_sharpe": 3.607272591487992,
      "max_drawdown": -123.50000000003934
    },
    "15m": {
      "samples": 120555,
      "trades": 29101,
      "pnl": 2291.2000000000007,
      "annualized_sharpe": 6.408127764268709,
      "max_drawdown": -50.10000000001014
    },
    "30m": {
      "samples": 60276,
      "trades": 12040,
      "pnl": 613.3000000000001,
      "annualized_sharpe": 2.8162551832552793,
      "max_drawdown": -83.80000000004361
    }
  }
}
