{
  "baseline_alias": "results/baseline_5m",
  "current_baseline": true,
  "period": "5m",
  "source": "merged peer external BTC/ETH walk-forward results",
  "feature_set": "v1_sessions_price_position_phase_peer_external",
  "symbols": {
    "BTC": {
      "trades": 33976,
      "tie_trades": 120,
      "wins": 19542,
      "losses": 14314,
      "win_rate_ex_ties": 0.5772093572778828,
      "pnl": 1307.6000000000008,
      "annualized_sharpe": 4.30480412553707,
      "max_drawdown": -63.20000000001869
    },
    "ETH": {
      "trades": 33730,
      "tie_trades": 145,
      "wins": 19413,
      "losses": 14172,
      "win_rate_ex_ties": 0.5780259044216168,
      "pnl": 1343.9000000000008,
      "annualized_sharpe": 4.442951238185344,
      "max_drawdown": -102.100000000058
    }
  },
  "combo": {
    "samples": 361669,
    "trades": 57523,
    "pnl": 2651.500000000001,
    "annualized_sharpe": 5.661514429107962,
    "max_drawdown": -84.30000000007112
  }
}
