{
  "baseline_alias": "results/baseline_5m",
  "combo": {
    "annualized_sharpe": 5.00789314171759,
    "losses": 28498,
    "max_drawdown": -86.00000000007549,
    "pnl": 2332.200000000001,
    "samples": 361497,
    "tie_trades": 258,
    "trades": 67326,
    "win_rate_ex_ties": 0.5750879704180831,
    "wins": 38570
  },
  "current_baseline": true,
  "period": "5m",
  "source": "local walk-forward v1_sessions_price_position_phase promoted from feature_phase results",
  "symbols": {
    "BTC": {
      "annualized_sharpe": 4.088591895961226,
      "losses": 13610,
      "max_drawdown": -46.10000000001071,
      "pnl": 1210.1000000000008,
      "tie_trades": 119,
      "trades": 32269,
      "win_rate_ex_ties": 0.5766718506998445,
      "wins": 18540
    },
    "ETH": {
      "annualized_sharpe": 3.6353143780607406,
      "losses": 14888,
      "max_drawdown": -129.10000000007517,
      "pnl": 1122.1000000000008,
      "tie_trades": 139,
      "trades": 35057,
      "win_rate_ex_ties": 0.5736296466006071,
      "wins": 20030
    }
  }
}
