{
  "baseline_alias": "results/baseline_15m",
  "current_baseline": true,
  "period": "15m",
  "source": "merged peer external BTC/ETH walk-forward results",
  "feature_set": "v1_sessions_price_position_phase_peer_external",
  "symbols": {
    "BTC": {
      "trades": 16590,
      "tie_trades": 3,
      "wins": 9825,
      "losses": 6762,
      "win_rate_ex_ties": 0.5923313438234762,
      "pnl": 1097.7000000000003,
      "annualized_sharpe": 5.182411796429597,
      "max_drawdown": -47.40000000003192
    },
    "ETH": {
      "trades": 20375,
      "tie_trades": 33,
      "wins": 11966,
      "losses": 8376,
      "win_rate_ex_ties": 0.5882410775734933,
      "pnl": 1193.5000000000005,
      "annualized_sharpe": 5.083250015929762,
      "max_drawdown": -38.30000000001348
    }
  },
  "combo": {
    "samples": 120555,
    "trades": 29101,
    "pnl": 2291.2000000000007,
    "annualized_sharpe": 6.408127764268709,
    "max_drawdown": -50.10000000001014
  }
}
