{
  "baseline_alias": "results/baseline_15m",
  "combo": {
    "annualized_sharpe": 6.23194757087191,
    "losses": 13723,
    "max_drawdown": -42.60000000000559,
    "pnl": 2081.7000000000003,
    "samples": 120487,
    "tie_trades": 33,
    "trades": 33516,
    "win_rate_ex_ties": 0.5901502254875608,
    "wins": 19760
  },
  "current_baseline": true,
  "period": "15m",
  "source": "local walk-forward v1_sessions_price_position_phase promoted from feature_phase results",
  "symbols": {
    "BTC": {
      "annualized_sharpe": 5.044384074553554,
      "losses": 5885,
      "max_drawdown": -33.80000000000541,
      "pnl": 998.0000000000003,
      "tie_trades": 2,
      "trades": 14491,
      "win_rate_ex_ties": 0.5938298019186969,
      "wins": 8604
    },
    "ETH": {
      "annualized_sharpe": 4.776758611393525,
      "losses": 7838,
      "max_drawdown": -33.00000000000546,
      "pnl": 1083.7000000000003,
      "tie_trades": 31,
      "trades": 19025,
      "win_rate_ex_ties": 0.5873433715910288,
      "wins": 11156
    }
  }
}
